gene,mean_log1p,variance,morans_i
Igha,3.9884071407951556,19.521483367015286,0.7834678943907712
Defa5,6.665269987247245,14.976649667653007,0.2122601856514748
Itln1,1.472276568461637,8.903412336313211,0.006800741665523073
Usp22,0.0,0.0,
Usp25,0.0,0.0,
Usp3,0.0,0.0,
Usp32,0.0,0.0,
Usp47,0.0,0.0,
Usp50,0.0,0.0,
Usp54,0.0,0.0,
Usp7,0.0,0.0,
Utp25,0.0,0.0,
Utrn,0.0,0.0,
Uts2,0.0,0.0,
Uts2b,0.0,0.0,
Vamp2,0.0,0.0,
Vamp3,0.0,0.0,
Vangl1,0.0,0.0,
Vangl2,0.0,0.0,
Vasp,0.0,0.0,
Vat1,0.0,0.0,
Vav1,0.0,0.0,
Vav2,0.0,0.0,
Vax1,0.0,0.0,
Vax2,0.0,0.0,
Vcam1,0.0,0.0,
Vcan,0.0,0.0,
Vcl,0.0,0.0,
Vcp,0.0,0.0,
Vdac1,0.0,0.0,
Vdac2,0.0,0.0,
Vdr,0.0,0.0,
Vegfa,0.0,0.0,
Vegfb,0.0,0.0,
Vegfc,0.0,0.0,
Vegfd,0.0,0.0,
Vgll2,0.0,0.0,
Vhl,0.0,0.0,
Vil1,0.0,0.0,
Vip,0.0,0.0,
Vipas39,0.0,0.0,
Vipr1,0.0,0.0,
Vipr2,0.0,0.0,
Virma,0.0,0.0,
Vit,0.0,0.0,
Vldlr,0.0,0.0,
Vps13a,0.0,0.0,
Vps25,0.0,0.0,
Vps26b,0.0,0.0,
Vps28,0.0,0.0,
Vps51,0.0,0.0,
Vps54,0.0,0.0,
Vps72,0.0,0.0,
Vps9d1,0.0,0.0,
Vsig1,0.0,0.0,
Vsir,0.0,0.0,
Vstm2a,0.0,0.0,
Vstm4,0.0,0.0,
Vstm5,0.0,0.0,
Vsx1,0.0,0.0,
Vsx2,0.0,0.0,
Vtcn1,0.0,0.0,
Vtn,0.0,0.0,
Vwa8,0.0,0.0,
Vwc2l,0.0,0.0,
Vwf,0.0,0.0,
Vxn,0.0,0.0,
Wap,0.0,0.0,
Wapl,0.0,0.0,
Was,0.0,0.0,
Washc1,0.0,0.0,
Washc2,0.0,0.0,
Washc3,0.0,0.0,
Washc4,0.0,0.0,
Washc5,0.0,0.0,
Wasl,0.0,0.0,
Wdr34,0.0,0.0,
Wdr36,0.0,0.0,
Wdr37,0.0,0.0,
Wdr4,0.0,0.0,
Wdr45,0.0,0.0,
Wdr5,0.0,0.0,
Wdr59,0.0,0.0,
Wdr61,0.0,0.0,
Wdr62,0.0,0.0,
Wdr82,0.0,0.0,
Wdr83,0.0,0.0,
Wdtc1,0.0,0.0,
Wee1,0.0,0.0,
Wfdc18,0.0,0.0,
Whrn,0.0,0.0,
Wif1,0.0,0.0,
Wipf1,0.0,0.0,
Wiz,0.0,0.0,
Wls,0.0,0.0,
Wnt1,0.0,0.0,
Wnt10a,0.0,0.0,
Wnt10b,0.0,0.0,
Wnt11,0.0,0.0,
Wnt16,0.0,0.0,
Wnt2,0.0,0.0,
Wnt2b,0.0,0.0,
Wnt3,0.0,0.0,
Wnt3a,0.0,0.0,
Wnt4,0.0,0.0,
Wnt5a,0.0,0.0,
Wnt5b,0.0,0.0,
Wnt6,0.0,0.0,
Wnt7a,0.0,0.0,
Wnt7b,0.0,0.0,
Wnt8a,0.0,0.0,
Wnt8b,0.0,0.0,
Wnt9a,0.0,0.0,
Wnt9b,0.0,0.0,
Wrap53,0.0,0.0,
Wrap73,0.0,0.0,
Wrnip1,0.0,0.0,
Wsb1,0.0,0.0,
Wt1,0.0,0.0,
Wtip,0.0,0.0,
Wwox,0.0,0.0,
Wwtr1,0.0,0.0,
Xcl1,0.0,0.0,
Xcr1,0.0,0.0,
Xiap,0.0,0.0,
Xist,0.0,0.0,
Xkr6,0.0,0.0,
Xpa,0.0,0.0,
Xpo1,0.0,0.0,
Xrcc1,0.0,0.0,
Xrcc2,0.0,0.0,
Xrcc4,0.0,0.0,
Xrcc5,0.0,0.0,
Xrcc6,0.0,0.0,
Yap1,0.0,0.0,
Yars,0.0,0.0,
Ybx3,0.0,0.0,
Yeats2,0.0,0.0,
Yeats4,0.0,0.0,
Yes1,0.0,0.0,
Yif1a,0.0,0.0,
Yipf1,0.0,0.0,
Ywhae,0.0,0.0,
Ywhag,0.0,0.0,
Ywhaz,0.0,0.0,
Yy1,0.0,0.0,
Zap70,0.0,0.0,
Zbp1,0.0,0.0,
Zbtb16,0.0,0.0,
Zbtb4,0.0,0.0,
Zbtb46,0.0,0.0,
Zbtb7a,0.0,0.0,
Zbtb7b,0.0,0.0,
Zbtb8b,0.0,0.0,
Zc3h11a,0.0,0.0,
Zc3h12a,0.0,0.0,
Zc3h14,0.0,0.0,
Zc3hc1,0.0,0.0,
Zcchc12,0.0,0.0,
Zdhhc18,0.0,0.0,
Zdhhc2,0.0,0.0,
Zdhhc6,0.0,0.0,
Zdhhc7,0.0,0.0,
Zdhhc8,0.0,0.0,
Zeb1,0.0,0.0,
Zeb2,0.0,0.0,
Zfand2a,0.0,0.0,
Zfand2b,0.0,0.0,
Zfhx3,0.0,0.0,
Zfp106,0.0,0.0,
Zfp111,0.0,0.0,
Zfp148,0.0,0.0,
Zfp219,0.0,0.0,
Zmynd10,0.0,0.0,
Zfp281,0.0,0.0,
Zfp42,0.0,0.0,
Zfp503,0.0,0.0,
Zfp536,0.0,0.0,
Zfp57,0.0,0.0,
Zfp750,0.0,0.0,
Zfp819,0.0,0.0,
Zfp979,0.0,0.0,
Zfpl1,0.0,0.0,
Zfpm2,0.0,0.0,
Zfyve9,0.0,0.0,
Zic1,0.0,0.0,
Zic2,0.0,0.0,
Zic3,0.0,0.0,
Abraxas1,0.0,0.0,
Zp1,0.0,0.0,
Zp3,0.0,0.0,
Zscan2,0.0,0.0,
Zscan21,0.0,0.0,
Zswim5,0.0,0.0,
Zswim9,0.0,0.0,
Zup1,0.0,0.0,
Zyx,0.0,0.0,
Zzef1,0.0,0.0,
a,0.0,0.0,
A1cf,0.0,0.0,
